1	main	2e7183a31c	c45914998351	ok       6 passed in 3.88s [action c45914998351e2adcdac2521b
1	carry	f575f0a313	65bd0ee0576f	ok       6 passed in 3.69s [action 65bd0ee0576f49c254ba21a22
2	main	2e7183a31c	99141eaa28f0	ok       6 passed in 3.52s [action 99141eaa28f01e06b42576415
2	carry	f575f0a313	99f434d753ca	ok       6 passed in 4.71s [action 99f434d753caa11b182ebaefc
3	main	2e7183a31c	00d89ed433dd	ok       6 passed in 3.18s [action 00d89ed433ddd200d6f4e701a
3	carry	f575f0a313	d3ac7c05b5c7	ok       6 passed in 4.87s [action d3ac7c05b5c7d12e36fa3a684
4	main	2e7183a31c	ee7f5eea91f5	ok       6 passed in 4.69s [action ee7f5eea91f5c57ed9c1b1dea
4	carry	f575f0a313	fab31a6e1ef5	ok       6 passed in 3.73s [action fab31a6e1ef57802b63ad6229
5	main	2e7183a31c	1bd0c9b6edc0	ok       6 passed in 4.16s [action 1bd0c9b6edc0ca7fd268d8de7
5	carry	f575f0a313	aa095171e80a	ok       6 passed in 3.75s [action aa095171e80a06af2970ffe29
6	main	2e7183a31c	55bad919a754	ok       6 passed in 3.34s [action 55bad919a754f899cbeb617cf
6	carry	f575f0a313	96582214b8dc	ok       6 passed in 3.31s [action 96582214b8dc18e403289076d
7	main	2e7183a31c	5cf808df7da9	ok       6 passed in 4.39s [action 5cf808df7da917138e79eb480
7	carry	f575f0a313	c2b7ae8cd356	ok       6 passed in 3.90s [action c2b7ae8cd356417466fd8b787
8	main	2e7183a31c	1d25f69acd5a	ok       6 passed in 3.87s [action 1d25f69acd5ae013be8ed31d7
8	carry	f575f0a313	3d40182e25c3	ok       6 passed in 3.60s [action 3d40182e25c34f992b43acb10
9	main	2e7183a31c	e40ab1eb6cf6	ok       6 passed in 3.61s [action e40ab1eb6cf6fbe080bcdc77e
9	carry	f575f0a313	a52e730d5841	ok       6 passed in 3.44s [action a52e730d5841b8182e1296687
10	main	2e7183a31c	d544a3053b31	ok       6 passed in 3.46s [action d544a3053b310a38f97832afa
10	carry	f575f0a313	e555cf430584	ok       6 passed in 3.39s [action e555cf430584e070366b433d7
11	main	2e7183a31c	96ee271947a1	ok       6 passed in 4.25s [action 96ee271947a137f29f890ad53
11	carry	f575f0a313	f71c23746658	ok       6 passed in 3.58s [action f71c237466585c1a344ea2d5c
12	main	2e7183a31c	5eb1e944e70e	ok       6 passed in 3.31s [action 5eb1e944e70ea6b6432b7376f
12	carry	f575f0a313	941751683423	ok       6 passed in 4.90s [action 9417516834233f96a2743187a
13	main	2e7183a31c	671183faf88a	ok       6 passed in 3.48s [action 671183faf88a771907c288b44
13	carry	f575f0a313	046c5dd06eb6	ok       6 passed in 4.65s [action 046c5dd06eb60b5a0056774de
14	main	2e7183a31c	370461f4ebcc	ok       6 passed in 3.98s [action 370461f4ebcc3cb42c5964318
14	carry	f575f0a313	24f3db8c73ef	ok       6 passed in 4.39s [action 24f3db8c73ef9fe2974e3be38
15	main	2e7183a31c	8c82c7cae4d8	ok       6 passed in 4.59s [action 8c82c7cae4d8de5bebcecb66e
15	carry	f575f0a313	43eef2d3ff50	ok       6 passed in 3.84s [action 43eef2d3ff5016c00a8726462
16	main	2e7183a31c	b42c0ddda5e8	ok       6 passed in 3.68s [action b42c0ddda5e84158bb755c230
16	carry	f575f0a313	6a0072cc7278	ok       6 passed in 3.28s [action 6a0072cc7278582902f5b1911
17	main	2e7183a31c	42aa9f66bf75	ok       6 passed in 3.38s [action 42aa9f66bf755283243a7c569
17	carry	f575f0a313	9db434205c1b	ok       6 passed in 3.22s [action 9db434205c1b3fea110108118
18	main	2e7183a31c	7c856ed05804	ok       6 passed in 4.20s [action 7c856ed0580454fb4cce9abbd
18	carry	f575f0a313	bd271377ec33	ok       6 passed in 3.87s [action bd271377ec330116a163e42d3
19	main	2e7183a31c	591dcf7af746	ok       6 passed in 3.68s [action 591dcf7af746b9da34dd743ec
19	carry	f575f0a313	61f192e3b4af	ok       6 passed in 3.65s [action 61f192e3b4af5377f17cdefd1
20	main	2e7183a31c	7497aeb8e5c8	ok       6 passed in 3.20s [action 7497aeb8e5c8d31e669021242
20	carry	f575f0a313	966914343666	ok       6 passed in 3.50s [action 96691434366695235b89541dd
